d,a,t,a, ,i,n,f,o,r,m,a,t,i,o,n
header.stamp.secs,header.stamp.nsecs,objid,header.seq,position.x,position.y,position.z,velocity.x,velocity.y,velocity.z,angle,size,covariance
int,int,int,int,float,float,float,float,float,float,float,float,float
1420826847,880810976,45,0,264.4391174316406,95.54611206054688,0.0,0.0,0.0,0.0,88.12065124511719,4950.342842330553,1.4142135623730951
1420826847,917810916,45,0,264.4391174316406,95.54611206054688,0.0,0.0,0.0,0.0,88.12065124511719,4950.342842330553,3.7293228204650952
1420826847,940984010,45,0,268.17516919647323,97.67863267611708,0.0,2.3257847001371172,1.327546868356206,0.0,84.13957110950696,5058.114777165876,3.6478467422089826
1420826847,979346036,45,0,275.1448538210006,98.15473591567824,0.0,5.191426855340545,0.802140895966565,0.0,26.549593413829335,4218.176432127901,3.632880706469279
1420826848,14204978,45,0,270.0055213428803,93.60544569116018,0.0,-1.1734911275002,-2.4949468662449634,0.0,98.8564042797791,4722.906122378969,3.63071146517765
1420826848,47734022,45,0,268.73671886385455,89.9825573330291,0.0,-1.2322003841137896,-3.189728814379627,0.0,77.29416984965997,5169.133581042684,3.630397951779489
1420826848,84132909,45,0,267.11815950908306,84.14452344345634,0.0,-1.4701794161926833,-4.820960716077748,0.0,100.59068814575043,4744.825381719889,3.6303526282268974
1420826848,117016077,45,0,262.2831950054188,77.41052042556555,0.0,-3.54271961275254,-5.999299589187262,0.0,31.775204384111092,4671.874820395799,3.6303460755788035
1420826848,146389961,45,0,261.34467971267975,81.27150837597489,0.0,-1.9386604266131375,0.0741427610596892,0.0,52.615881572880674,5061.0398451703595,3.6303451282220127
1420826848,179420948,45,0,255.9435830304949,79.4193063703832,0.0,-4.071347208670467,-1.112388836427972,0.0,92.84826211343432,5078.633848740374,3.630344991256617
1420826848,211080074,45,0,245.6791693741694,73.77960101399407,0.0,-7.885964948588109,-3.900988322197285,0.0,98.46144124346625,4969.208610885944,3.6303449714546554
1420826848,247467994,45,0,234.14211103118146,73.86364583469675,0.0,-10.13485501317969,-1.4464081529028006,0.0,97.18226746745741,5041.476930709371,3.630344968591759
1420826848,272645950,45,0,224.00725601800175,72.41723768179395,0.0,-10.13485501317969,-1.4464081529028006,0.0,101.29721181149219,5073.153067326826,8.331494819289196
1420826848,272645950,46,0,185.0433349609375,63.02330017089844,0.0,0.0,0.0,0.0,76.90695190429688,4946.048108271834,1.4142135623730951
1420826848,306102991,45,0,213.87240100482205,70.97082952889114,0.0,-10.13485501317969,-1.4464081529028006,0.0,105.41215615552697,5104.829203944281,22.795061413619838
1420826848,306102991,46,0,185.0433349609375,63.02330017089844,0.0,0.0,0.0,0.0,76.90695190429688,4946.048108271834,3.7293228204650952
1420826848,339467048,46,0,162.43961217719408,74.06436855490996,0.0,-14.071376930968988,6.873338362819058,0.0,77.75279993445372,5063.2426688220685,3.6478467422089826
1420826848,379961013,46,0,146.08789298300263,80.64427894786034,0.0,-15.47852286954997,6.692270817509747,0.0,53.75178289424067,5151.654534292019,3.632880706469279
1420826848,411643028,46,0,135.92080557127986,87.66013917246278,0.0,-12.206076966108618,6.891638547390938,0.0,72.65126040428866,5057.739180056372,3.63071146517765
1420826848,439328908,46,0,131.51195863396552,104.09479995053469,0.0,-7.4031907273898305,12.769886332599944,0.0,70.18367393555445,5098.1999707335945,3.630397951779489
1420826848,477957010,46,0,130.40009507147423,118.68944557042906,0.0,-3.528027827339883,13.893852596999258,0.0,89.87684106543654,4602.758974138185,3.6303526282268974
1420826848,510090112,46,0,139.88000325374145,127.33277999733417,0.0,4.484213535286855,10.659794647561188,0.0,89.94841530026838,5202.774598975518,3.6303460755788035
1420826848,543946981,46,0,151.8716641162926,138.0284441376269,0.0,9.108424376659602,10.681888455207543,0.0,79.12175470622802,5236.914414083089,3.6303451282220127
1420826848,571974992,46,0,162.07377760936245,145.1924042217448,0.0,9.782081925876472,8.515021317892256,0.0,46.4040222589973,4540.48593129019,3.630344991256617
1420826848,613930940,46,0,170.4241126812282,152.21055268271598,0.0,8.900197806830963,7.593022853533066,0.0,46.38715825571454,5095.399511930947,3.6303449714546554
1420826848,642488956,46,0,180.22305873005425,161.6207257928133,0.0,9.453781562067713,8.712296100315928,0.0,102.18685191790914,5312.445087626746,3.630344968591759
1420826848,673676013,46,0,191.86541568388373,167.25396261138178,0.0,10.801834027725294,6.81575030514264,0.0,82.43760112135324,5371.134900125666,3.6303449681778517
1420826848,709610939,46,0,205.19229944448398,171.50236421520972,0.0,12.357137779643313,5.23439251418529,0.0,83.38273928555573,5339.22997566964,3.63034496811801
1420826848,745373010,46,0,220.88182914617602,180.002989848169,0.0,14.4097237512036,7.246227987402799,0.0,130.93539445381225,5411.396786106109,3.630344968109359
1420826848,779824972,46,0,236.30356325549894,190.8784488958164,0.0,15.033071278366743,9.481651951947306,0.0,89.52157902395554,5272.695309973262,3.6303449681081075
1420826848,807126998,46,0,248.6624056366649,203.4102245140544,0.0,13.385880657476267,11.36037486191548,0.0,81.82816655279721,5474.965764731408,3.6303449681079267
1420826848,843658924,46,0,257.3952419323967,212.7584292836678,0.0,10.519839145743564,10.120979196441391,0.0,113.8546384780839,5490.491791965969,3.6303449681079005
1420826848,870976924,46,0,262.4416471653503,219.87828656528566,0.0,7.1484788950752804,8.272438903042989,0.0,107.09345321290454,5184.956106069995,3.630344968107897
1420826848,912137985,46,0,259.85171871019685,226.8623373142929,0.0,1.1501093215141642,7.478856541557226,0.0,165.69034127641135,5555.103722100219,3.630344968107896
1420826848,936902046,46,0,252.1312146272441,235.94919878514048,0.0,-4.313742788033076,8.469306775882773,0.0,82.89961927067337,5466.7038615664505,3.630344968107897
1420826848,979151964,46,0,240.5236010312297,241.80854030573613,0.0,-8.806400689332849,6.861699329168358,0.0,91.97285727718622,5380.984956610464,3.630344968107896
1420826849,6787061,46,0,226.80123446435562,248.45296964314397,0.0,-11.834388643011474,6.727871932043367,0.0,90.0239537688,5586.781370219306,3.630344968107897
1420826849,36511898,46,0,208.46932158455817,256.28561924326874,0.0,-15.836537072805543,7.4083594605932515,0.0,79.61021331112528,5524.930377435458,3.630344968107896
1420826849,71614980,46,0,186.12384471191862,262.42490165407975,0.0,-19.845716915806072,6.626671768946231,0.0,73.02453379078175,5630.807641615802,3.630344968107897
1420826849,113745927,46,0,165.5338950962794,264.56806306638316,0.0,-20.304126861270476,3.8650546852861742,0.0,92.6339136712125,5510.312813643587,3.630344968107896
1420826849,141450881,46,0,145.67819098091545,266.18017671714404,0.0,-20.02792098299868,2.47735621812293,0.0,113.6514740477931,5474.968241651653,3.630344968107897
1420826849,178890943,46,0,121.53385392132245,259.2843896516571,0.0,-22.56342643660669,-3.2960290448907115,0.0,69.11599626636378,5381.885846967582,3.630344968107896
1420826849,210824966,46,0,104.03720005495276,252.10595224095843,0.0,-19.442549138251543,-5.68739750752281,0.0,89.62011260743583,5359.958237874104,3.630344968107897
1420826849,238682031,46,0,90.49755599775109,242.7390050850399,0.0,-15.806656228826547,-7.953815193863071,0.0,107.92069874837352,5442.421337156205,3.630344968107896
1420826849,274677038,46,0,83.05339174856843,230.57599840362474,0.0,-10.655781383909869,-10.54646563866418,0.0,51.68609298253588,5160.4677381484,3.630344968107897
1420826849,310194015,46,0,88.5447357307877,223.9390350749555,0.0,-0.709963550114777,-8.138408667881391,0.0,17.460484739564446,5382.7318859903,3.630344968107896
1420826849,342310905,46,0,95.61921336103589,219.57949768727076,0.0,4.084861049450642,-5.810813847255718,0.0,60.00513769709576,5254.108535031259,3.630344968107897
1420826849,374823093,46,0,107.21301284511944,220.95129155080738,0.0,8.709989801636986,-1.3866884228627443,0.0,80.62574753591684,5293.950555101779,3.630344968107896
1420826849,406477928,46,0,123.24960593974123,226.81640173717312,0.0,13.222809268894181,3.080055118129838,0.0,89.839313585285,5422.80989581261,3.630344968107897
1420826849,443173885,46,0,137.25213410820103,232.71652920934628,0.0,13.703076930215117,4.817077979813375,0.0,82.29452942985733,5448.9742426123075,3.630344968107896
1420826849,474472045,46,0,153.42225501436695,239.34641967830865,0.0,15.222652050641045,5.9336793794485585,0.0,89.26332613816089,5439.17614037132,3.630344968107897
1420826849,507071971,46,0,169.4381790735292,247.18130591499386,0.0,15.711267746035986,7.104727268015905,0.0,110.95010904530079,5458.691692257247,3.630344968107896
1420826849,539900064,46,0,180.27487865445818,255.23347952642078,0.0,12.708778702985143,7.688306606455156,0.0,67.57893468945551,5607.096036017027,3.630344968107897
1420826849,579672098,46,0,190.38758934146395,262.58261130957186,0.0,11.109731257349173,7.47939195880722,0.0,95.62847017047127,5644.334816358311,3.630344968107896
1420826849,608741998,46,0,203.75500129143435,270.75361154515025,0.0,12.50034911573209,7.905387904038399,0.0,122.3987791255939,5498.9572574756685,3.630344968107897
1420826849,638742923,46,0,217.07184982684677,278.6641954488039,0.0,13.003271729225538,7.9085883787028495,0.0,80.91161268954379,5531.932869500886,3.630344968107896
1420826849,674936056,46,0,229.67071795926364,286.1949096792841,0.0,12.754179434839353,7.675836891542976,0.0,67.97624715933671,5436.437426301686,3.630344968107897
1420826849,704833984,46,0,243.900140033937,294.093153519057,0.0,13.662854770154047,7.812828395721512,0.0,65.37461677164946,5338.437039171082,3.630344968107896
1420826849,739531040,46,0,259.7703131038729,296.9303357676161,0.0,15.022451925254085,4.748080394884944,0.0,82.50490397527248,5544.340568893467,3.630344968107897
1420826849,777371883,46,0,277.9546324833362,296.63372174626215,0.0,16.970003393463724,1.6408021299671849,0.0,64.53917185456432,5464.713301304866,3.630344968107896
1420826849,803488969,46,0,291.1076884637093,292.9683282945522,0.0,14.61895558829792,-1.6275477124482092,0.0,108.9329316544466,5396.938401852307,3.630344968107897
1420826849,837275028,46,0,302.53361396278723,287.55106697462804,0.0,12.6522095028415,-3.961820861851854,0.0,75.64466559903306,5371.964502422071,3.630344968107896
1420826849,871251106,46,0,313.7204130137441,278.1722383373687,0.0,11.749590301236955,-7.298425447301356,0.0,93.6828036515964,5437.782793546928,3.630344968107897
1420826849,909240961,46,0,319.876579445773,262.5326862502562,0.0,8.304322266900716,-12.436140316487652,0.0,47.27994907813491,5384.527343688203,3.630344968107896
1420826849,944144964,46,0,319.31962538124975,246.80750590000324,0.0,2.846221325160732,-14.462023703292052,0.0,110.14269698477389,5303.3144964234225,3.630344968107897
1420826849,972311973,46,0,318.586709058399,236.0657877710287,0.0,0.6416523853622564,-12.170502414565918,0.0,94.41617579649926,5281.05483308627,3.630344968107896
1420826850,4091978,46,0,317.6079009050724,227.18148797873062,0.0,-0.35646987845935185,-10.146366730664253,0.0,89.36024849221569,5228.02099497965,3.630344968107897
1420826850,33554077,46,0,317.3393892280183,225.15502428831036,0.0,-0.302292046286235,-5.144914482343366,0.0,69.28825083647445,4646.067682734938,3.630344968107896
1420826850,71062088,46,0,308.29242075779297,220.95016700075288,0.0,-5.688573304151436,-4.565886488153081,0.0,144.82527137494634,5304.341920444216,3.630344968107897
1420826850,103935003,46,0,300.47472216406004,223.71314414935097,0.0,-7.000007494160485,-0.05167476271791216,0.0,111.22418360765118,5135.600977056511,3.630344968107896
1420826850,138310909,46,0,296.34985075053424,229.67581521009663,0.0,-5.229068143844431,3.6528600441456556,0.0,137.62709562900972,5161.731014679029,3.630344968107897
1420826850,171063899,46,0,296.1258275292136,238.28797248560866,0.0,-2.1462119746713446,6.707537934383563,0.0,76.58839261197544,5364.198713098682,3.630344968107896
1420826850,201771020,46,0,301.31431836833787,250.6199312041947,0.0,2.3715963904050374,10.171898510763892,0.0,94.16345265901111,5038.742840851881,3.630344968107897
1420826850,232815980,46,0,309.4651255702158,259.18265682563475,0.0,5.931299845397613,9.180728871747627,0.0,146.71685865832364,5389.86426148966,3.630344968107896
1420826850,270967960,46,0,321.50814978947557,267.8683262321838,0.0,9.695814946042443,8.875797117883257,0.0,70.67874434327499,5384.3186524843995,3.630344968107897
1420826850,304832935,46,0,336.7315186410683,273.1984295759169,0.0,13.100510392725846,6.691827923831432,0.0,157.11353343726697,5431.937181634841,3.630344968107896
1420826850,336596965,46,0,350.81522307456163,278.4165503295096,0.0,13.706108516417789,5.784098360630188,0.0,105.84931504890096,5330.547301513044,3.630344968107897
1420826850,372636079,46,0,360.33555346388374,282.70453783972613,0.0,11.127879525138372,4.862569256224276,0.0,112.43993681412101,5336.022660992691,3.630344968107896
1420826850,403105974,46,0,366.0984029633833,288.0629148360794,0.0,7.823290621668676,5.167961909845003,0.0,179.71094849472274,5226.264148884181,3.630344968107897
1420826850,437678098,46,0,366.78165606904435,295.6590656913427,0.0,3.4253862981142564,6.663604283925021,0.0,174.31090292454536,5077.305318851638,3.630344968107896
1420826850,466100931,46,0,360.9371062535981,301.7214192489218,0.0,-2.2844285343009005,6.2932640492962175,0.0,25.523789939075982,5300.917046750738,3.630344968107897
1420826850,500986099,46,0,348.3593094352128,304.52877003246033,0.0,-8.624626156375161,4.1461166444484405,0.0,59.1233183633306,5315.986018198874,3.630344968107896
1420826850,532282114,46,0,338.4221666707084,310.8802144262951,0.0,-9.433070433129645,5.5044877205298075,0.0,44.804216543645154,5333.515689224438,3.630344968107897
1420826850,565817117,46,0,326.6666454945595,310.79061393916515,0.0,-10.863583387867978,2.058810487090261,0.0,102.42766425119481,5308.877392485722,3.630344968107896
1420826850,598484039,46,0,311.8131152910115,305.3435855470518,0.0,-13.321190131822839,-2.564409094704069,0.0,100.76035386201971,5507.366020916469,3.630344968107897
1420826850,638370990,46,0,299.2130033329304,299.5216811055583,0.0,-12.877042210917697,-4.570862539449317,0.0,102.82155181966489,5607.11659911291,3.630344968107896
1420826850,671024084,46,0,288.8637368948989,293.7028066542632,0.0,-11.320059355347404,-5.339575164648931,0.0,129.12998489482646,5467.849227274183,3.630344968107897
1420826850,701410055,46,0,276.62557095635646,284.6413562233888,0.0,-11.885566875814206,-7.632063304713453,0.0,90.8310046545659,5228.183243999527,3.630344968107896
1420826850,736325979,46,0,269.20656763706785,278.18400603444036,0.0,-9.134388169450997,-6.908499054641043,0.0,127.65072931162888,5485.285609640727,3.630344968107897
1420826850,769085884,46,0,259.78654104053413,266.77634366471506,0.0,-9.310327087226176,-9.67975757414115,0.0,89.0702277996966,5522.345004513834,3.630344968107896
1420826850,803538084,46,0,262.13762554573765,261.9399153212616,0.0,-2.1274835312765132,-6.696510144938686,0.0,92.99039228542624,5325.777696194153,3.630344968107897
1420826850,835408926,46,0,269.36314740015257,261.0884424427442,0.0,3.6334977985471246,-3.0962609014718794,0.0,94.2109157381652,5339.317588043896,3.630344968107896
1420826850,870026111,46,0,276.15611858287656,260.84383598739015,0.0,5.579574639918683,-1.339785058067995,0.0,74.11137113359406,5349.283231702952,3.630344968107897
1420826850,897484064,46,0,287.8142444109591,262.31952814476836,0.0,9.323656725123241,0.394407429145079,0.0,15.946270021372506,5482.483760119209,3.630344968107896
1420826850,930742025,46,0,300.673678218259,264.65045649761777,0.0,11.501517735232394,1.5872070081275298,0.0,91.92316654579506,5421.328150686899,3.630344968107897
1420826850,970305919,46,0,314.57211722198826,268.0933584275791,0.0,12.977900791527087,2.730221831457801,0.0,96.36845718480987,5425.161775737788,3.630344968107896
1420826850,998080015,46,0,330.3823003206762,273.59490255466983,0.0,14.72244437078191,4.437217106847009,0.0,94.82276946096266,5395.260902610942,3.630344968107897
1420826851,33926010,46,0,346.1453588295978,277.45980475454985,0.0,15.363410389099899,4.084699882933016,0.0,64.91882234604569,5407.996142712547,3.630344968107896
1420826851,63760995,46,0,363.92978372621263,280.46790584210675,0.0,16.854633669946395,3.421569123983483,0.0,75.27187623389162,5288.337016796481,3.630344968107897
1420826851,100804090,46,0,378.85312481526813,279.5050968280479,0.0,15.665054487413215,0.7210125055953682,0.0,102.96875451820128,5210.246644322358,3.630344968107896
1420826851,134879112,46,0,389.2268475538429,276.7749764651775,0.0,12.405860019120095,-1.4047119222327344,0.0,122.31887484585211,5255.911589089485,3.630344968107897
1420826851,170085906,46,0,397.8068189381316,271.6777442949803,0.0,10.049304870657657,-3.6791188461357778,0.0,112.68219906607426,5095.634749474866,3.630344968107896
1420826851,203322887,46,0,403.1038384646341,267.74771349736915,0.0,7.122135900611358,-3.833667999939388,0.0,161.68032457184103,4956.205104629504,3.630344968107897
1420826851,231916904,46,0,405.76445212684746,260.04237406141016,0.0,4.374062392888946,-6.218423053351703,0.0,137.96659680276204,4953.687129830389,3.630344968107896
1420826851,266124963,46,0,405.1449724996413,249.3666547819082,0.0,1.298291433592016,-8.96389354988629,0.0,49.76149765782104,4972.7828461436775,3.630344968107897
1420826851,304651021,46,0,405.0140384540568,244.1783261023287,0.0,0.417960356883728,-6.638335311605946,0.0,89.14620093430413,5010.266483945136,3.630344968107896
1420826851,335437059,46,0,398.3458140962918,234.4804969371784,0.0,-3.9467733471325026,-8.522829786071188,0.0,138.6365468149803,4777.947406151804,3.630344968107897
1420826851,367247104,46,0,391.45901876338957,228.54609432344634,0.0,-5.757679154500254,-6.9284887161658375,0.0,103.03105780892247,5065.603128888935,3.630344968107896
1420826851,397773027,46,0,380.7362346462767,225.36342084548366,0.0,-8.815934315347805,-4.6212547563447055,0.0,74.97730488398999,4971.978790049519,3.630344968107897
1420826851,431215047,46,0,372.07224065936094,224.90767196195753,0.0,-8.722346708022874,-2.0555124550208266,0.0,104.27879019134895,5075.23893620565,3.630344968107896
1420826851,467211008,46,0,365.049575545563,224.0829335477729,0.0,-7.675428254842608,-1.2974174921614918,0.0,49.795778804366634,5153.5020025947315,3.630344968107897
1420826851,497431039,46,0,357.48219659137277,224.45707624395934,0.0,-7.60887531510938,-0.26782041190311534,0.0,107.68095149716041,5288.1513475496895,3.630344968107896
1420826851,531042098,46,0,351.6745275107925,230.45110957391586,0.0,-6.49942278510669,3.5891668354395847,0.0,163.83287686716912,4803.447580207985,3.630344968107897
1420826851,565879106,46,0,355.2591270838667,235.95881304623884,0.0,-0.28817173377315797,4.7708889974493145,0.0,148.15144701348112,5285.610639255108,3.630344968107896
1420826851,602155923,46,0,360.09194204367617,241.05370701357094,0.0,2.8660987403075646,4.97045977767364,0.0,133.58373484329533,5252.262890095627,3.630344968107897
1420826851,633356094,46,0,368.4336801919977,246.529933469143,0.0,6.2388174652078785,5.281986636524509,0.0,127.80925064223361,5228.769281656215,3.630344968107896
1420826851,663345098,46,0,376.140082916624,250.1126543281059,0.0,7.142776238969322,4.235324305514094,0.0,153.46778360128494,5236.543027944029,3.630344968107897
1420826851,698828935,46,0,385.53062774502405,252.34662995958692,0.0,8.527288739869293,3.0025940899183263,0.0,22.680153571785723,5214.810596938217,3.630344968107896
1420826851,734045028,46,0,393.56801377268573,254.45982828409265,0.0,8.225533286720994,2.454770990489266,0.0,147.13643676359123,4960.949244994712,3.630344968107897
1420826851,765100955,46,0,401.49773063290894,254.56772353041436,0.0,8.043325232749812,1.0092134623979145,0.0,42.48444034680958,5078.283878793202,3.630344968107896
1420826851,796746969,46,0,406.81556873546094,255.53826263082968,0.0,6.36456211605528,0.9853919988001929,0.0,78.90110842737104,5379.313210179294,3.630344968107897
1420826851,827056884,46,0,406.16342259299637,256.9416573983686,0.0,2.042622417828155,1.2428606997380252,0.0,164.39468754421432,4908.277052387297,3.630344968107896
1420826851,865678071,46,0,402.31757498957575,261.2013051049747,0.0,-1.584379220119966,3.1010499026662908,0.0,76.11033852160509,5024.387174316183,3.630344968107897
1420826851,896789073,46,0,389.0294351537321,265.3537835311224,0.0,-8.793307646383749,3.7486770389327555,0.0,94.67900696407247,5316.274900534347,3.630344968107896
1420826851,928536891,46,0,371.13814699455367,276.61345672779197,0.0,-14.397206469482155,8.375073245150649,0.0,142.83626278817096,5223.454057212555,3.630344968107897
1420826851,967839956,46,0,356.24914276149826,283.40232708702115,0.0,-14.700129179045508,7.398051973989421,0.0,123.43901602980692,5345.087959932471,3.630344968107896
1420826851,995117902,46,0,343.0452784725881,278.91583014109955,0.0,-13.778505193911535,0.07776703694385834,0.0,113.36472521063823,5309.090866716671,3.630344968107897
1420826852,33262014,46,0,333.669121141262,273.66357825069275,0.0,-11.066880128182069,-3.2052567892851744,0.0,111.32115832634982,5121.41678012205,3.630344968107896
1420826852,67642927,46,0,327.8850316524337,267.74530066973466,0.0,-7.812946554141458,-4.876341267880886,0.0,146.025384798611,5309.62337209449,3.630344968107897
1420826852,99667072,46,0,323.2602581548868,260.43479843357864,0.0,-5.849192156716835,-6.375662107947068,0.0,93.65425505738565,5224.075407248553,3.630344968107896
1420826852,127824068,46,0,322.07259100392787,252.26479286377,0.0,-2.977926994423585,-7.480887514840312,0.0,92.94707640279451,5358.23794455245,3.630344968107897
1420826852,163969993,46,0,320.39650770243367,244.21149882641097,0.0,-2.1760566971191264,-7.833461169330489,0.0,88.48044698608552,5354.317132339846,3.630344968107896
1420826852,195770025,46,0,314.4843664724853,234.02908088329337,0.0,-4.477297031397069,-9.280300507095916,0.0,161.05811298771795,5265.303786141177,3.630344968107897
1420826852,225878000,46,0,310.533258987703,230.95172894367738,0.0,-4.15319071166444,-5.459595887190878,0.0,105.18123537958562,5202.482302009888,3.630344968107896
1420826852,262022018,46,0,306.11623158670244,230.26888704549035,0.0,-4.315700854523246,-2.5173554614651668,0.0,116.17633381834418,5261.570442051222,3.630344968107897
1420826852,297616004,46,0,301.7410086642968,233.64404911652437,0.0,-4.352363457359687,1.1121392400260937,0.0,143.51223164959234,5192.708012828421,3.630344968107896
1420826852,328385114,46,0,299.49873844241637,238.38133299343127,0.0,-3.0526520563185056,3.3450461731205925,0.0,114.92508175743723,5514.297261029514,3.630344968107897
1420826852,365458965,46,0,302.00942902628987,249.70107483110056,0.0,0.3740874525231703,8.257057974672037,0.0,56.7860525570924,5330.53360500552,3.630344968107896
1420826852,390496969,46,0,311.5760950667193,258.6168340668529,0.0,6.036253936344702,8.662784851812539,0.0,80.75891643070071,5266.9020172288065,3.630344968107897
1420826852,422729015,46,0,325.32199544898776,263.411470851712,0.0,10.785008737924947,6.280200016695952,0.0,93.24352521579542,5258.880648240175,3.630344968107896
1420826852,462325096,46,0,340.2366496649693,266.62195403355366,0.0,13.328662838057378,4.389408699447739,0.0,79.03342094028281,5309.698567535231,3.630344968107897
1420826852,499452114,46,0,353.03137600598876,264.6331467634978,0.0,12.999784786147691,0.46074816706884425,0.0,85.36896396967673,5122.389598562644,3.630344968107896
1420826852,524926900,46,0,365.1622502466739,266.54292404853345,0.0,12.46457955282723,1.3532772901406889,0.0,58.9131236554633,5143.576808871268,3.630344968107897
1420826852,563441991,46,0,377.78422565458584,265.7733738974743,0.0,12.561527490430466,0.04572225826839804,0.0,63.21418532174279,5225.8659830993565,3.630344968107896
1420826852,596262931,46,0,392.6745475695277,261.75364724492573,0.0,13.995947834198471,-2.4583899823166897,0.0,123.90295553491652,5165.670972362933,3.630344968107897
1420826852,631835937,46,0,408.44957452256557,256.7060752775324,0.0,15.091771172822055,-4.053195978939072,0.0,118.27743669039845,4982.457449349885,3.630344968107896
1420826852,655661106,46,0,421.7642242305212,247.49395573912574,0.0,13.997153650673884,-7.230833656080533,0.0,160.8715220696626,4941.54703097586,3.630344968107897
1420826852,697838068,46,0,434.12283132453035,237.30895625543738,0.0,12.987891308600007,-9.050451359293625,0.0,137.99165296341852,5038.080529505884,3.630344968107896
1420826852,730393886,46,0,442.6555718437953,223.73969003550704,0.0,10.243742293335567,-11.83381424336547,0.0,155.7727251027095,5061.234195742326,3.630344968107897
1420826852,758352041,46,0,452.8993141371309,211.90587579214156,0.0,10.243742293335567,-11.83381424336547,0.0,165.7710551391907,5087.7487259884,8.331494818597998
1420826852,758352041,47,0,432.7466735839844,180.87252807617188,0.0,0.0,0.0,0.0,112.1164321899414,4776.313939831451,1.4142135623730951
1420826852,792673110,46,0,463.14305643046646,200.07206154877608,0.0,10.243742293335567,-11.83381424336547,0.0,175.7693851756719,5114.263256234474,22.795061411620622
1420826852,792673110,47,0,432.7466735839844,180.87252807617188,0.0,0.0,0.0,0.0,112.1164321899414,4776.313939831451,3.7293228204650952
1420826852,826773881,47,0,424.44702542150793,175.91353877025432,0.0,-5.166736417977276,-3.087093590193719,0.0,150.6024947588418,4298.079909114044,3.6478467422089826
1420826852,861840963,47,0,419.28028900353064,172.8264451800606,0.0,-5.166736417977276,-3.087093590193719,0.0,174.5610213332934,4000.367387516451,8.35645623262701
1420826852,861840963,48,0,446.82861328125,205.0076141357422,0.0,0.0,0.0,0.0,143.90025329589844,5060.016406730455,1.4142135623730951
1420826852,894772052,47,0,414.11355258555335,169.73935158986689,0.0,-5.166736417977276,-3.087093590193719,0.0,198.51954790774502,3702.6548659188575,22.867272289975013
1420826852,894772052,48,0,446.82861328125,205.0076141357422,0.0,0.0,0.0,0.0,143.90025329589844,5060.016406730455,8.06225774829855
1420826852,894772052,49,0,493.3157653808594,236.2239227294922,0.0,0.0,0.0,0.0,140.5102081298828,4937.41039255283,1.4142135623730951
1420826852,932907104,48,0,446.82861328125,205.0076141357422,0.0,0.0,0.0,0.0,143.90025329589844,5060.016406730455,19.1049731745428
1420826852,932907104,49,0,493.3157653808594,236.2239227294922,0.0,0.0,0.0,0.0,140.5102081298828,4937.41039255283,8.06225774829855
1420826852,932907104,50,0,533.6783447265625,267.3120422363281,0.0,0.0,0.0,0.0,129.58921813964844,4771.208959436938,1.4142135623730951
1420826852,964364051,48,0,446.82861328125,205.0076141357422,0.0,0.0,0.0,0.0,143.90025329589844,5060.016406730455,41.23105625617661
1420826852,964364051,49,0,493.3157653808594,236.2239227294922,0.0,0.0,0.0,0.0,140.5102081298828,4937.41039255283,19.1049731745428
1420826852,964364051,50,0,533.6783447265625,267.3120422363281,0.0,0.0,0.0,0.0,129.58921813964844,4771.208959436938,3.7293228204650952
1420826852,995670080,49,0,493.3157653808594,236.2239227294922,0.0,0.0,0.0,0.0,140.5102081298828,4937.41039255283,41.23105625617661
1420826852,995670080,50,0,536.5660857117615,294.57410126178326,0.0,1.7976902420236422,16.971306546787055,0.0,28.541332028364593,4873.897190151929,3.6478467422089826
1420826853,31224012,49,0,493.3157653808594,236.2239227294922,0.0,0.0,0.0,0.0,140.5102081298828,4937.41039255283,4.7934512027139355
1420826853,31224012,50,0,538.3637759537852,311.5454078085703,0.0,1.7976902420236422,16.971306546787055,0.0,-34.363478261209394,4937.8231555599,8.35645623262701
1420826853,64610958,49,0,359.30971168486076,346.9525944515986,0.0,-91.04561011892505,75.23062724813579,0.0,54.68297793077386,5731.740450911568,3.778779425353928
1420826853,64610958,50,0,540.1614661958089,328.51671435535735,0.0,1.7976902420236422,16.971306546787055,0.0,-97.26828855078338,5001.749120967872,22.867272289975013
1420826853,94594955,49,0,296.3555779777169,388.70854231130295,0.0,-73.480299057265,54.299254773154644,0.0,65.20880538518878,5572.704810707705,3.6512999629489062
1420826853,126086950,49,0,283.5090161886507,383.12107457104196,0.0,-36.05128657956565,17.33137211917257,0.0,41.46014787599279,5575.374785448758,3.6333638043273457
1420826853,154155015,49,0,303.03841603765807,363.20446250940074,0.0,-1.8055573516101404,-5.618765104889576,0.0,56.41978505532313,5724.461938021858,3.6307811947241477
1420826853,195247888,49,0,334.632346388559,344.85806946728513,0.0,18.767788651187963,-13.458702521886057,0.0,56.42198313972646,5533.350207915967,3.6304080314534444
1420826853,222975015,49,0,360.9633572982411,333.5989252879096,0.0,23.426384282093913,-12.103876161622217,0.0,11.30426935090933,5415.81315164863,3.6303540854800453
1420826853,258511066,49,0,386.6665653034487,327.9040902816379,0.0,24.82879462457113,-8.156225093873383,0.0,91.03653159214426,5329.65766162679,3.6303462862625953
1420826853,291937112,49,0,413.2258811032092,315.84382695977456,0.0,25.894708857104327,-10.560916796714137,0.0,83.42514177439176,5295.879094951533,3.6303451586819024
1420826853,327723979,49,0,438.42091844275126,297.13288558022884,0.0,25.463746352120584,-15.580922501867818,0.0,65.52535967369862,5249.070334940439,3.6303449956603986
1420826853,354556083,49,0,459.66897949090446,279.8246135024916,0.0,22.867096035227775,-16.644883044497703,0.0,97.87072077728453,5082.080801117914,3.6303449720913377
1420826853,392025947,49,0,474.119549602666,266.4961929428312,0.0,17.68293899395484,-14.602108804956572,0.0,80.8694925566671,5057.646641916939,3.6303449686838083
1420826853,424901008,49,0,482.74206996499873,256.04643931840815,0.0,12.102176401840634,-12.044466669104803,0.0,123.34241686306348,5081.834455481984,3.6303449681911593
1420826853,458168029,49,0,487.74074648501164,245.66785210968342,0.0,7.726777424889737,-11.018368631809555,0.0,121.14941204391344,4526.943701423278,3.630344968119934
1420826853,493793010,49,0,490.94361249695936,232.17413562435635,0.0,4.940275320695659,-12.543058523549323,0.0,159.64582661164948,4629.597024001112,3.6303449681096365
1420826853,519675016,49,0,492.8386279520656,221.82100748630214,0.0,3.0645482675535716,-11.194171449908415,0.0,121.48326027162068,4732.347754790043,3.630344968108148
1420826853,559042930,49,0,489.8420921572196,213.7256684634934,0.0,-0.6687749459019381,-9.285446390893165,0.0,93.95812328593489,4556.243623122642,3.630344968107933
1420826853,590889930,49,0,480.7615907884027,209.45452787783304,0.0,-5.849975733846845,-6.1968859833299135,0.0,154.5748077447279,4005.072697991876,3.630344968107902
1420826853,624026060,49,0,477.8880725269419,206.85307918807732,0.0,-4.016627497603686,-3.982277280920712,0.0,167.3571179029126,4614.403588952303,3.630344968107898
1420826853,654498100,49,0,471.3454239534204,205.0326766373558,0.0,-5.572529548014843,-2.6506710811479257,0.0,124.6778528417513,4626.7214040541,3.630344968107897
1420826853,690259933,49,0,467.6529587025566,206.00656409053278,0.0,-4.4145044140482685,-0.41812515777626835,0.0,111.6418521856306,4641.189370778146,3.630344968107896
1420826853,722912073,49,0,465.45703810224006,203.8889764825933,0.0,-3.0479682684462706,-1.4649086292264584,0.0,172.28679088960922,4720.731972089557,3.630344968107897
1420826853,760852098,49,0,461.197602609976,202.62349854011308,0.0,-3.7941712021882505,-1.3420693475666137,0.0,148.28205302251357,4950.861008086259,3.630344968107896
1420826853,790318965,49,0,455.9718719825991,210.06600996051625,0.0,-4.675939872359413,4.0687909810314355,0.0,157.99437345137588,4566.539268989186,3.630344968107897
1420826853,824830055,49,0,453.1909271717599,220.12272294435468,0.0,-3.508718137811175,7.757050042165384,0.0,149.7261655305279,4518.298348418496,3.630344968107896
1420826853,858493089,49,0,458.3448825929612,227.7339343982825,0.0,1.8270534758965216,7.667220800188278,0.0,156.95552351980623,4917.0642728630855,3.630344968107897
1420826853,891932964,49,0,469.2984212928584,239.3051143756952,0.0,7.448509768738367,10.071863479726389,0.0,118.15595216333911,4880.60229797883,3.630344968107896
1420826853,919900894,49,0,482.46918605839795,246.26066469748474,0.0,10.973131303918272,8.15237116892079,0.0,105.19181714332271,5022.397358462232,3.630344968107897
1420826853,957971096,49,0,492.41322190135276,248.7073413146509,0.0,10.339260211928268,4.637950035728563,0.0,143.51122381652917,4747.987237298926,3.630344968107896
1420826853,989578008,49,0,502.36219293195296,245.14433905675378,0.0,10.098861688229885,-0.4134244799570217,0.0,99.03285894883805,4772.2838320647215,3.630344968107897
1420826854,25006055,49,0,517.5085102489473,242.53852937992895,0.0,13.20784072131271,-1.7638235940491955,0.0,140.29440077043768,4672.042043404986,3.630344968107896
1420826854,56168079,49,0,536.8741864429234,238.42518591687255,0.0,17.0007579417401,-3.211009770174699,0.0,150.68053666797877,4650.9916616328965,3.630344968107897
1420826854,90400934,49,0,557.4883567076491,234.34511215477363,0.0,19.226438359023042,-3.7463095188048743,0.0,142.29083061331463,4550.471278576811,3.630344968107896
1420826854,119452953,49,0,574.7858551807052,233.3956939740303,0.0,18.03830831834022,-2.023564998121934,0.0,140.15292192744118,4275.196928383608,3.630344968107897
1420826854,157603025,49,0,584.8267363059649,239.42003639715708,0.0,13.112295037470679,2.933541566671871,0.0,173.73962330537879,4513.770306654132,3.630344968107896
1420826854,189780950,49,0,581.1525584070625,246.9929475708433,0.0,2.772671227568946,5.791160116646126,0.0,172.98071317003905,4193.9754698590605,3.630344968107897
1420826854,224589109,49,0,569.9975879716455,257.43308155812474,0.0,-5.806056173966057,8.65469441039742,0.0,122.28173042618066,4059.5700052972543,3.630344968107896
1420826854,253423929,49,0,549.8161747127971,263.93136825097946,0.0,-14.660553777725609,7.3264556157040674,0.0,121.767375807174,4336.719034881795,3.630344968107897
1420826854,290313959,49,0,527.847324986879,273.45315869024927,0.0,-19.162096840533348,8.678671551623703,0.0,103.97428898753348,4855.646037149593,3.630344968107896
1420826854,318526029,49,0,509.36984889310406,279.28763605952605,0.0,-18.740404862667194,6.926790855825051,0.0,124.32755606350193,4875.162235263605,3.630344968107897
1420826854,359889984,49,0,498.8668452005468,278.60918951068516,0.0,-13.6665796706204,2.242346777113779,0.0,133.4538818238721,4763.133434424407,3.630344968107896
1420826854,386914014,49,0,493.5346913713728,273.7524181559301,0.0,-8.5329921565122,-2.1303532620068752,0.0,147.079602474237,4779.092264231463,3.630344968107897
1420826854,422089099,49,0,486.45820949303084,268.3473686775076,0.0,-7.635855014682715,-4.147401578099574,0.0,135.54575115427252,4941.517563412406,3.630344968107896
1420826854,455996036,49,0,480.71294698572444,262.4211520185245,0.0,-6.471345032259115,-5.243062282610226,0.0,130.71197456077465,4992.853995838908,3.630344968107897
1420826854,482892036,49,0,471.968643489406,253.00323677987964,0.0,-7.871373230141114,-7.814561917504983,0.0,172.68646062944276,4930.287996027807,3.630344968107896
1420826854,523694992,49,0,462.77258497854757,245.48382401318648,0.0,-8.687312797735032,-7.632764871825789,0.0,138.63666513364157,4883.799736058729,3.630344968107897
1420826854,556850910,49,0,453.9313070328213,237.81226515815197,0.0,-8.782147592161445,-7.656660016087835,0.0,139.5545469030369,4672.231478803769,3.630344968107896
1420826854,587167978,49,0,445.7397416797498,226.55441326538738,0.0,-8.418378609591677,-9.874813252520896,0.0,176.48762232542163,4976.762481015212,3.630344968107897
1420826854,622030973,49,0,435.687237223194,217.32239954101348,0.0,-9.424918016630224,-9.47888104380651,0.0,162.93654421772948,4837.1403684942825,3.630344968107896
1420826854,649666070,49,0,438.39320582835177,213.00975502370108,0.0,-1.9529014336780195,-6.2967389464527255,0.0,128.68106391299528,5046.891171483564,3.630344968107897
1420826854,689785957,49,0,436.4403043946738,206.71301607724834,0.0,-1.9529014336780195,-6.2967389464527255,0.0,107.51009350287124,5162.62591023347,8.331494818597998
1420826854,689785957,51,0,499.58477783203125,210.78553771972656,0.0,0.0,0.0,0.0,130.43585205078125,4813.662006302137,1.4142135623730951
1420826854,721234083,49,0,434.4874029609958,200.4162771307956,0.0,-1.9529014336780195,-6.2967389464527255,0.0,86.3391230927472,5278.3606489833755,22.795061411620622
1420826854,721234083,51,0,499.58477783203125,210.78553771972656,0.0,0.0,0.0,0.0,130.43585205078125,4813.662006302137,8.06225774829855
1420826854,721234083,52,0,555.251220703125,214.33888244628906,0.0,0.0,0.0,0.0,156.6007080078125,4522.009734241769,1.4142135623730951
1420826854,748888969,51,0,499.58477783203125,210.78553771972656,0.0,0.0,0.0,0.0,130.43585205078125,4813.662006302137,19.1049731745428
1420826854,748888969,52,0,555.251220703125,214.33888244628906,0.0,0.0,0.0,0.0,156.6007080078125,4522.009734241769,8.06225774829855
1420826854,748888969,53,0,605.213623046875,214.74266052246094,0.0,0.0,0.0,0.0,146.94259643554688,4176.661100123864,1.4142135623730951
1420826854,785259008,51,0,499.58477783203125,210.78553771972656,0.0,0.0,0.0,0.0,130.43585205078125,4813.662006302137,41.23105625617661
1420826854,785259008,52,0,555.251220703125,214.33888244628906,0.0,0.0,0.0,0.0,156.6007080078125,4522.009734241769,19.1049731745428
1420826854,785259008,53,0,605.213623046875,214.74266052246094,0.0,0.0,0.0,0.0,146.94259643554688,4176.661100123864,3.7293228204650952
1420826854,816951036,51,0,499.58477783203125,210.78553771972656,0.0,0.0,0.0,0.0,130.43585205078125,4813.662006302137,4.7934512027139355
1420826854,816951036,52,0,555.251220703125,214.33888244628906,0.0,0.0,0.0,0.0,156.6007080078125,4522.009734241769,41.23105625617661
1420826854,816951036,53,0,605.213623046875,214.74266052246094,0.0,0.0,0.0,0.0,146.94259643554688,4176.661100123864,8.462547918732943
1420826854,853851079,51,0,499.58477783203125,210.78553771972656,0.0,0.0,0.0,0.0,130.43585205078125,4813.662006302137,9.966037971022072
1420826854,853851079,53,0,605.213623046875,214.74266052246094,0.0,0.0,0.0,0.0,146.94259643554688,4176.661100123864,23.17682361115321
1420826854,853851079,54,0,508.80328369140625,134.1732940673828,0.0,0.0,0.0,0.0,124.33865356445312,4664.414607508637,1.4142135623730951
1420826854,889904975,51,0,499.58477783203125,210.78553771972656,0.0,0.0,0.0,0.0,130.43585205078125,4813.662006302137,27.53542447072967
1420826854,889904975,54,0,508.80328369140625,134.1732940673828,0.0,0.0,0.0,0.0,124.33865356445312,4664.414607508637,3.7293228204650952
1420826854,922369003,51,0,561.8449477507817,162.15930864935822,0.0,21.49892200648723,-16.791015951573744,0.0,129.1792471860321,4387.078370278382,4.220132690238285
1420826854,922369003,54,0,508.80328369140625,134.1732940673828,0.0,0.0,0.0,0.0,124.33865356445312,4664.414607508637,8.462547918732943
1420826854,953715085,51,0,550.4825976632904,139.98142407655428,0.0,0.10500454797882242,-20.298068944313677,0.0,136.536557329898,4550.4433507843305,3.7132026406468346
1420826854,953715085,54,0,508.80328369140625,134.1732940673828,0.0,0.0,0.0,0.0,124.33865356445312,4664.414607508637,23.17682361115321
1420826854,981610059,51,0,550.5876022112693,119.68335513224059,0.0,0.10500454797882242,-20.298068944313677,0.0,141.17502120586525,4605.396948488626,8.44979658705636
1420826854,981610059,55,0,624.3016967773438,188.1478729248047,0.0,0.0,0.0,0.0,149.00787353515625,4085.9103311861413,1.4142135623730951
1420826855,21274089,51,0,550.6926067592482,99.38528618792691,0.0,0.10500454797882242,-20.298068944313677,0.0,145.8134850818325,4660.350546192921,23.13729079735561
1420826855,21274089,55,0,624.3016967773438,188.1478729248047,0.0,0.0,0.0,0.0,149.00787353515625,4085.9103311861413,3.7293228204650952
1420826855,51285982,51,0,610.9698030045308,158.37986832110292,0.0,21.009019668532673,7.248455958931892,0.0,141.23075587000565,4299.051032675081,4.218738209878681
1420826855,51285982,55,0,624.3016967773438,188.1478729248047,0.0,0.0,0.0,0.0,149.00787353515625,4085.9103311861413,8.462547918732943
1420826855,83340883,51,0,631.9788226730635,165.6283242800348,0.0,21.009019668532673,7.248455958931892,0.0,142.66574727306593,4209.3969455747865,9.15521549790397
1420826855,83340883,55,0,624.3016967773438,188.1478729248047,0.0,0.0,0.0,0.0,149.00787353515625,4085.9103311861413,23.17682361115321
1420826855,83340883,56,0,470.6907653808594,215.9969482421875,0.0,0.0,0.0,0.0,134.79226684570312,4958.868907764041,1.4142135623730951
1420826855,123028039,51,0,652.9878423415962,172.8767802389667,0.0,21.009019668532673,7.248455958931892,0.0,144.1007386761262,4119.742858474492,25.1834541784976
1420826855,123028039,56,0,470.6907653808594,215.9969482421875,0.0,0.0,0.0,0.0,134.79226684570312,4958.868907764041,3.7293228204650952
1420826855,153908014,56,0,480.704730413658,209.36791074789988,0.0,6.233941103338739,-4.126739925280525,0.0,119.84206253533222,4804.371735716934,3.6478467422089826
1420826855,182146072,56,0,486.93867151699675,205.24117082261935,0.0,6.233941103338739,-4.126739925280525,0.0,110.53519029756418,4708.193421930184,8.35645623262701
1420826855,182146072,57,0,521.0910034179688,224.5006561279297,0.0,0.0,0.0,0.0,150.6669921875,4231.850810014819,1.4142135623730951
1420826855,219043016,56,0,493.1726126203355,201.11443089733882,0.0,6.233941103338739,-4.126739925280525,0.0,101.22831805979615,4612.015108143433,22.867272289975013
1420826855,219043016,57,0,521.0910034179688,224.5006561279297,0.0,0.0,0.0,0.0,150.6669921875,4231.850810014819,3.7293228204650952
1420826855,247230052,57,0,519.2720957056717,231.48209482974903,0.0,-1.1323150733730165,4.346118399771196,0.0,7.634752531953893,4694.043339110776,3.6478467422089826
1420826855,282375097,57,0,512.5377119423392,241.9614461296381,0.0,-4.5892207896177695,8.130793141349741,0.0,167.64538649594658,4917.274924984096,3.632880706469279
1420826855,316615104,57,0,507.9451116447457,250.99754107045422,0.0,-4.5913029493500535,8.688561599342801,0.0,151.27594406568494,4693.502792574033,3.63071146517765
1420826855,351519107,57,0,505.41740223692875,252.1315790335906,0.0,-3.320184233301231,4.035176040827692,0.0,125.3231987135255,4785.444798598224,3.630397951779489
1420826855,381831884,57,0,505.6125982062572,254.33203829314786,0.0,-1.154874659701874,2.9050764264655022,0.0,140.21403361059583,4079.024750591064,3.6303526282268974
1420826855,420617103,57,0,501.7727520128547,252.54846790464907,0.0,-2.8086835317552787,0.017103275470595758,0.0,145.90947772448257,4758.073402909596,3.6303460755788035
1420826855,450858116,57,0,492.86144471520987,254.98914599910967,0.0,-6.5675935512184225,1.5099037526915762,0.0,115.61682472906955,4991.8802355090675,3.6303451282220127
1420826855,486207008,57,0,483.4574369758007,255.21449567423446,0.0,-8.314682190860536,0.7186829763794979,0.0,169.5134228847187,4825.200108267656,3.630344991256617
1420826855,518924951,57,0,479.2153808039231,256.7835291324945,0.0,-5.806149206212058,1.2424561444450797,0.0,156.87455802724716,4508.568926224895,3.6303449714546554
1420826855,550224065,57,0,479.182828672981,254.9837884938042,0.0,-2.2499035293840812,-0.6313842044814844,0.0,117.57093016699486,4908.615549139467,3.630344968591759
1420826855,581077098,57,0,474.1485853676191,252.53964275118383,0.0,-3.9649169186253372,-1.7479542209113073,0.0,10.151380540596307,4665.998288749391,3.6303449681778517
1420826855,621247053,57,0,471.4387377162888,258.33857133279105,0.0,-3.191857317094809,2.9005463552252237,0.0,145.10556455270995,3680.7706860420767,3.63034496811801
1420826855,648770093,57,0,472.4167345066224,254.8184877377811,0.0,-0.6234367217470176,-1.0542390579894096,0.0,100.47873988841789,4869.926467984722,3.630344968109359
1420826855,686253070,57,0,468.1138217015207,256.5726068102671,0.0,-2.8898090957190097,0.6755684306153227,0.0,146.76202302363612,3644.8707660733244,3.6303449681081075
1420826855,718779087,57,0,466.8002557234839,255.09065894006537,0.0,-1.9189225413156503,-0.653353195668809,0.0,19.163387207360074,4833.684696293278,3.6303449681079267
1420826855,752057075,57,0,463.82746956916066,254.734624528541,0.0,-2.568049570367228,-0.47021976488062744,0.0,83.43178316575231,4942.042092790427,3.6303449681079005
1420826855,777597904,57,0,459.68685196798634,252.93203784063155,0.0,-3.5366724559283336,-1.2908908381365272,0.0,120.00459390052028,4451.9205034707575,3.630344968107897
1420826855,816781044,57,0,455.2159334716111,247.9081828036987,0.0,-4.112121071055837,-3.590209203446724,0.0,20.895512749624032,4548.075351575828,3.630344968107896
1420826855,847940921,57,0,452.7372952364629,245.68837808289308,0.0,-3.105977726516814,-2.7461089048539535,0.0,124.16354641527019,5042.429147496344,3.630344968107897
1420826855,882812023,57,0,448.3590263511316,241.68618980760743,0.0,-3.889645147818948,-3.519790679153362,0.0,167.48725544542464,4915.772776400571,3.630344968107896
1420826855,918797969,57,0,444.6797772851308,239.52021264162227,0.0,-3.760051733805037,-2.6859095840610165,0.0,124.69734727164698,4771.270413773011,3.630344968107897
1420826855,950931072,57,0,440.2134847762723,239.16302744848832,0.0,-4.195060562696281,-1.2515323774617677,0.0,138.9685379966535,4381.55776223992,3.630344968107896
1420826855,982634067,57,0,436.6864399745367,237.78727371311433,0.0,-3.7835964216823594,-1.3280464918225487,0.0,152.665906153667,4526.282445795598,3.630344968107897
1420826856,17571926,57,0,436.89433735799554,241.67710135525815,0.0,-1.32503680995546,1.885901776948559,0.0,102.89105754329634,4454.195177951491,3.630344968107896
1420826856,47595977,57,0,435.83003866973655,240.72955102459417,0.0,-1.1644352290598905,0.14063765939791217,0.0,126.99881627414427,5282.869210140853,3.630344968107897
1420826856,76654911,57,0,433.88314540980974,247.17021882034874,0.0,-1.6463900576212847,4.021139647390042,0.0,110.76568666115305,5043.297957589118,3.630344968107896
1420826856,115973949,57,0,434.14762376775235,253.05332617369638,0.0,-0.4693911346169062,5.168018190533669,0.0,80.1493521891757,4729.274471406931,3.630344968107897
1420826856,149168014,57,0,436.9630179936943,257.09559405926944,0.0,1.5538715872892859,4.474612571539493,0.0,147.7121037031771,5093.740410663133,3.630344968107896
1420826856,175537109,57,0,437.83841036473166,262.25674350626707,0.0,1.1359624836037177,4.897484788399397,0.0,172.63274670589524,4137.450574364074,3.630344968107897
1420826856,215509891,57,0,446.5126152211043,266.92369239113765,0.0,5.779140989161334,4.7554862562360825,0.0,170.2542392175668,4842.156589854416,3.630344968107896
1420826856,247270107,57,0,456.88209468361254,274.6304163840024,0.0,8.606558824606942,6.573300402542334,0.0,118.54189510497307,4808.815242576761,3.630344968107897
1420826856,275043964,57,0,468.72580180513296,281.729671009956,0.0,10.600479509066194,6.897261775006626,0.0,127.90988636603629,5061.616272137852,3.630344968107896
1420826856,316453933,57,0,482.36163531875127,285.72273832815387,0.0,12.470105049577656,5.108423925148431,0.0,135.38785402005186,5026.584261666908,3.630344968107897
1420826856,344393014,57,0,495.47608024247427,284.9730389029061,0.0,12.866986034024752,1.500114311527776,0.0,98.94561452874582,4935.625166191461,3.630344968107896
1420826856,383841991,57,0,508.2129855567471,284.3904402959898,0.0,12.786862847203192,0.21726780992147132,0.0,104.6713091945191,4920.377288715164,3.630344968107897
1420826856,414413928,57,0,521.3577780088992,283.50146515242665,0.0,13.007329497918079,-0.4641222608062947,0.0,138.26419140195713,4786.5682832522125,3.630344968107896
1420826856,449816942,57,0,534.910779345498,283.4421649804652,0.0,13.343435930579691,-0.21477219635504896,0.0,128.12605656078625,4767.51959378568,3.630344968107897
1420826856,482996940,57,0,546.084494740715,281.3528796908072,0.0,12.00699710907719,-1.369378067698714,0.0,166.84582151293307,4514.322762035938,3.630344968107896
1420826856,514983892,57,0,558.5315398951377,276.36572473032584,0.0,12.278044592631463,-3.597746840657268,0.0,135.70216228083325,4408.195062307064,3.630344968107897
1420826856,549273014,57,0,568.3816134168076,268.30668757836804,0.0,10.78253641826862,-6.345677492941956,0.0,155.35391487760256,4277.617810559136,3.630344968107896
1420826856,579569101,57,0,574.656320267816,258.52434195945455,0.0,8.00593992290664,-8.462492366245725,0.0,173.86243138973836,4496.4363883583,3.630344968107897
1420826856,606630086,57,0,579.8830630007309,255.0642226377566,0.0,6.294094108305121,-5.381281939644205,0.0,69.11678300832212,3853.4927092072458,3.630344968107896
1420826856,646902084,57,0,584.5884632111716,242.88845850957796,0.0,5.315538498960232,-9.56634154560232,0.0,174.11329423801743,4469.164525602438,3.630344968107897
1420826856,678159952,57,0,587.5504605155107,231.72430091242308,0.0,3.8658753883278045,-10.550515943231662,0.0,140.31070159479293,4271.318954304011,3.630344968107896
1420826856,714663982,57,0,583.9516757552598,222.68819998368176,0.0,-0.7319801646294941,-9.617712393537307,0.0,172.92539667426522,4518.342311330907,3.630344968107897
1420826856,747977018,57,0,576.9502709701056,216.66143052578636,0.0,-4.593630692793814,-7.405871989773248,0.0,127.54581128566784,4467.948729130607,3.630344968107896
1420826856,775748014,57,0,567.6976630382676,208.54803856140083,0.0,-7.463326558816567,-7.841668741313046,0.0,2.274013291820026,4631.235233276531,3.630344968107897
1420826856,814481019,57,0,558.6890073152451,206.42695603768288,0.0,-8.415171671302218,-4.3180750902680884,0.0,125.2397570357863,4131.956633741226,3.630344968107896
1420826856,842988967,57,0,550.5625075525455,200.48780131631733,0.0,-8.237364281342975,-5.316578683904112,0.0,141.55158761290534,4445.035101643858,3.630344968107897
1420826856,877738952,57,0,540.8549221631623,195.07645377465627,0.0,-9.142946605404315,-5.374951538154974,0.0,109.50946441437347,4502.856177538206,3.630344968107896
1420826856,910104036,57,0,532.1333560574915,194.562057853065,0.0,-8.883397391904449,-2.3810935208773816,0.0,140.99150976116132,4239.649703117319,3.630344968107897
1420826856,942394971,57,0,531.0401358946172,191.17682994966214,0.0,-4.08503967459606,-2.999589842841765,0.0,81.60452041264102,4763.597522498088,3.630344968107896
1420826856,975660085,57,0,531.1578212035462,194.61232007289982,0.0,-1.4963722713343106,0.9640960540166299,0.0,163.31870595143513,4334.580686573142,3.630344968107897
1420826857,7056951,57,0,536.5144422866346,202.23160532341282,0.0,2.7247272726296146,5.063358176340855,0.0,104.21263185198548,4424.800779712985,3.630344968107896
1420826857,43410062,57,0,546.5236755753916,209.8997312920068,0.0,7.211616932727413,6.667764246998428,0.0,136.9418527495766,4276.082042376686,3.630344968107897
1420826857,70759057,57,0,561.795037431847,219.234457158288,0.0,12.176014804214887,8.310478589871478,0.0,5.527930075546379,4363.780498871135,3.630344968107896
1420826857,105613946,57,0,573.1874101390777,227.27997788976455,0.0,11.69333065042437,8.147277863211102,0.0,177.53665133668952,4365.277236904513,3.630344968107897
1420826857,137928009,57,0,584.9434276161937,234.371832762873,0.0,11.73194258565847,7.497190336227542,0.0,106.84032492464456,4205.2517289938705,3.630344968107896
1420826857,170423984,57,0,593.7880736298981,239.45635416399534,0.0,9.953512983753456,6.01110750862112,0.0,171.31696789236662,4426.260508464095,3.630344968107897
1420826857,205254077,57,0,598.321633016481,247.02533127256046,0.0,6.615093920125162,6.970676899365552,0.0,163.63939973554017,4513.1765942987695,3.630344968107896
1420826857,241092920,57,0,600.6313242071442,258.3930790746318,0.0,3.9631821849146203,9.679051622975997,0.0,164.2707416633519,4577.633230872613,3.630344968107897
1420826857,270634889,57,0,597.1896090521395,269.59236804076374,0.0,-0.5978624809847295,10.615441434556837,0.0,169.12972529124883,4411.610559848612,3.630344968107896
1420826857,306298017,57,0,587.744012672088,279.71621353189084,0.0,-6.04762196489879,10.312643036060436,0.0,175.78106919369603,4432.0521633111775,3.630344968107897
1420826857,344798088,57,0,574.935587683675,289.0558322374406,0.0,-10.211936897579857,9.713308942859584,0.0,166.022679957337,4607.51850706134,3.630344968107896
1420826857,374671936,57,0,560.6525942211745,299.13229439825585,0.0,-12.719503171308629,9.936993076700542,0.0,160.1936193370309,4591.961543160993,3.630344968107897
1420826857,407814025,57,0,543.9638548829947,305.6819010529364,0.0,-15.164353196305665,7.8505332566292765,0.0,7.904935632652581,4624.652092064117,3.630344968107896
1420826857,438591957,57,0,526.9540576615508,308.6063873136006,0.0,-16.30105398237821,4.816335840576941,0.0,49.48482679631559,4725.347213552216,3.630344968107897
1420826857,479145050,57,0,507.90935685526273,309.9144745694513,0.0,-17.991002557876225,2.6554310015925044,0.0,43.70040092098376,4965.494512306439,3.630344968107896
1420826857,505695104,57,0,488.6265561355636,310.7847927651128,0.0,-18.78668531280625,1.5558912149127995,0.0,99.76895326936811,5114.380186324946,3.630344968107897
1420826857,543673992,57,0,472.5982169808543,311.3235161743976,0.0,-17.08768268608932,0.929366959245704,0.0,146.98599428142882,4973.695255533245,3.630344968107896
1420826857,577395915,57,0,459.2137557853566,308.21226311706454,0.0,-14.806684334464546,-1.5594519301385863,0.0,9.163267762201457,5000.323342216353,3.630344968107897
1420826857,607765913,57,0,450.95386256496334,307.1050716173928,0.0,-10.774189983919339,-1.2808822310209664,0.0,178.29003968746508,5113.29399033387,3.630344968107896
1420826857,645380973,57,0,446.6535704493422,301.4317629898769,0.0,-6.786594209890639,-3.986396172191549,0.0,102.10339942554194,5232.464938714827,3.630344968107897
1420826857,675175905,57,0,446.9861534884619,291.82659590316035,0.0,-2.4015387625798015,-7.447276712756063,0.0,95.06486456543945,4989.964521656639,3.630344968107896
1420826857,707556009,57,0,451.59332151697873,283.0431058455764,0.0,1.9154724337876816,-8.270316988557825,0.0,123.39154173002548,5094.361743909191,3.630344968107897
1420826857,743959903,57,0,457.04288624632767,275.3072146738481,0.0,4.09229570000211,-7.941137540244816,0.0,109.5759523927963,5086.253565507922,3.630344968107896
1420826857,776006937,57,0,465.5900651538996,268.9860645063784,0.0,6.836279898345126,-6.943306722849453,0.0,116.73561150389716,4933.454332782919,3.630344968107897
1420826857,806413888,57,0,478.6641369208662,263.5024783650506,0.0,10.678446240880302,-6.0441921954729745,0.0,124.08718512108467,4991.9742070852435,3.630344968107896
1420826857,841152906,57,0,496.3310688442336,257.96995936232713,0.0,14.983002250453394,-5.729027220275699,0.0,111.89161997619954,4844.2350027470375,3.630344968107897
1420826857,873462915,57,0,515.0005317818978,254.1149414272808,0.0,17.253676789424652,-4.57473166938905,0.0,104.78107502999141,4709.571100888929,3.630344968107896
1420826857,905615091,57,0,533.882517429035,249.97105830863308,0.0,18.25663322338749,-4.309350612237131,0.0,121.01765531772018,4717.2542471550405,3.630344968107897
1420826857,944724082,57,0,548.5866693417922,242.86956213641668,0.0,16.068483247937113,-6.0291719720963535,0.0,164.05810742589006,4626.7846270034515,3.630344968107896
1420826857,973261117,57,0,557.203761832007,236.90422345385795,0.0,11.478800972961547,-5.989853873358805,0.0,128.76265569018238,4536.546385001999,3.630344968107897
1420826858,8991003,57,0,562.7866886679395,227.2741652113431,0.0,7.847238771749037,-8.232036844784515,0.0,151.32329998572078,4574.092263321961,3.630344968107896
1420826858,40219068,57,0,566.3635526534418,215.36171951417532,0.0,5.216902489407797,-10.49898375760618,0.0,166.01843623963416,4625.819956830539,3.630344968107897
1420826858,71990966,57,0,563.9500439363188,201.5470627402508,0.0,0.5169526137293214,-12.541271723358044,0.0,1.5290290235794544,4170.838767007761,3.630344968107896
1420826858,105801105,57,0,562.2109197703513,195.21010087366858,0.0,-0.8726773148886748,-8.719728617651393,0.0,155.57654491004496,4558.844235473306,3.630344968107897
1420826858,141743898,57,0,553.6930806455442,188.2387530516411,0.0,-5.581712821037387,-7.642813903540285,0.0,147.68066901139642,4286.443364841977,3.630344968107896
1420826858,170922994,57,0,546.4282366553967,179.63666709937817,0.0,-6.618437044004388,-8.233677282210758,0.0,11.118158930854747,4645.189268964237,3.630344968107897
1420826858,207750082,57,0,546.9164376985758,178.6715325419872,0.0,-2.2411050902870704,-3.756620207404371,0.0,169.45413947070614,4505.179177717751,3.630344968107896
1420826858,241520881,57,0,544.6753326082887,174.91491233458282,0.0,-2.2411050902870704,-3.756620207404371,0.0,237.23721853247366,4486.735255866271,8.331494818597996
1420826858,241520881,58,0,581.4880981445312,191.70767211914062,0.0,0.0,0.0,0.0,155.96107482910156,4454.789007066196,1.4142135623730951
1420826858,274552106,57,0,542.4342275180016,171.15829212717844,0.0,-2.2411050902870704,-3.756620207404371,0.0,305.0202975942412,4468.29133401479,22.795061411620615
1420826858,274552106,58,0,581.4880981445312,191.70767211914062,0.0,0.0,0.0,0.0,155.96107482910156,4454.789007066196,3.7293228204650952
1420826858,305571079,58,0,581.4880981445312,191.70767211914062,0.0,0.0,0.0,0.0,155.96107482910156,4454.789007066196,8.462547918732943
1420826858,305571079,59,0,628.8546142578125,212.71286010742188,0.0,0.0,0.0,0.0,160.5605926513672,4214.258078440945,1.4142135623730951
1420826858,335608005,58,0,581.4880981445312,191.70767211914062,0.0,0.0,0.0,0.0,155.96107482910156,4454.789007066196,23.17682361115321
1420826858,335608005,59,0,628.8546142578125,212.71286010742188,0.0,0.0,0.0,0.0,160.5605926513672,4214.258078440945,3.7293228204650952
1420826858,369610071,59,0,628.8546142578125,212.71286010742188,0.0,0.0,0.0,0.0,160.5605926513672,4214.258078440945,8.462547918732943
1420826858,369610071,60,0,665.7662353515625,227.42530822753906,0.0,0.0,0.0,0.0,162.09913635253906,4103.197521397883,1.4142135623730951
1420826858,401947975,59,0,628.8546142578125,212.71286010742188,0.0,0.0,0.0,0.0,160.5605926513672,4214.258078440945,23.17682361115321
1420826858,401947975,60,0,665.7662353515625,227.42530822753906,0.0,0.0,0.0,0.0,162.09913635253906,4103.197521397883,3.7293228204650952
1420826858,434442043,60,0,677.5884665865735,230.12689879704305,0.0,7.359631573280348,1.6818070005699397,0.0,144.50583177273657,3744.312558650517,3.6478467422089826
1420826858,467628955,60,0,688.0790219938714,232.12495269012138,0.0,9.291651528398042,1.8769555699575753,0.0,149.4271826594495,3418.6266290798717,3.632880706469279
1420826858,502512931,60,0,701.7139378125263,233.883245549333,0.0,11.967594321465276,1.8038458984280905,0.0,149.3950573630465,3542.0319917229167,3.63071146517765
1420826858,538378000,60,0,712.2371483806395,235.3390078137058,0.0,11.07789235977048,1.5894356412273125,0.0,166.47141231279574,3438.6990228621953,3.630397951779489
1420826858,571665048,60,0,723.4504160669989,236.5208581447966,0.0,11.161277221093009,1.3383821780949694,0.0,115.51975431992392,3119.838854767804,3.6303526282268974
1420826858,605480909,60,0,733.0852372432728,230.4248279933817,0.0,10.221056247412161,-3.240845912305227,0.0,169.694557714354,3665.9442644034607,3.6303460755788035
1420826858,637816905,60,0,743.1053736653208,228.6997913944942,0.0,10.097299716837284,-2.3071834362323926,0.0,160.90718837303567,3296.042533071185,3.6303451282220127
1420826858,673154115,60,0,747.3306050372979,228.79682110675984,0.0,6.480400626704382,-0.8263089234383532,0.0,174.77938822255965,2767.8526446964206,3.630344991256617
1420826858,702303886,60,0,749.7610350313732,227.88166819709,0.0,3.985822221652366,-0.8810323546865382,0.0,7.97874167442879,2112.1024815005403,3.6303449714546554
1420826858,737471103,60,0,753.7468572530256,227.00063584240345,0.0,3.985822221652366,-0.8810323546865382,0.0,-90.98500847792445,1563.782304073979,8.331494823378849
1420826858,772384881,60,0,757.732679474678,226.11960348771692,0.0,3.985822221652366,-0.8810323546865382,0.0,-189.9487586302777,1015.4621266474178,22.795061425448743
1420826858,804397106,61,0,748.5,232.0,0.0,0.0,0.0,0.0,0.0,1.0,1.4142135623730951
1420826858,833375930,61,0,748.5,232.0,0.0,0.0,0.0,0.0,0.0,1.0,3.7293228204650952
1420826858,872222900,61,0,749.5046193606198,233.47669195013202,0.0,0.6254004188016717,0.919277290738121,0.0,177.58597635731604,1332.90571618677,3.6478467422089826
1420826858,900752067,61,0,748.6826392496163,235.9889616964535,0.0,-0.26774429326381854,1.9022757204986618,0.0,165.47953356260354,3479.614900811284,3.632880706469279
1420826858,937303066,61,0,734.6909482381578,239.90087012525308,0.0,-8.723250073875423,3.1404371131989732,0.0,168.29785027669172,3048.9759210528746,3.63071146517765
1420826858,970089912,61,0,722.3154999548218,244.67005278859762,0.0,-10.972906997746378,4.143701036448691,0.0,140.14599302795736,3300.5282698517685,3.630397951779489
1420826859,5889892,61,0,705.7877797545012,249.96338250088183,0.0,-14.394411789203275,4.8518184617015585,0.0,152.2051669487817,3457.6249326932125,3.6303526282268974
1420826859,40158987,61,0,687.0886579930514,255.70396196134033,0.0,-17.045898948140227,5.399251015987687,0.0,162.24974921865572,3722.608740121565,3.6303460755788035
1420826859,72582960,61,0,668.0274535839972,261.8644628265247,0.0,-18.287225987118166,5.868142724739991,0.0,164.6179372327702,4058.4923538760468,3.6303451282220127
1420826859,103460073,61,0,652.3840502311821,264.31674378697596,0.0,-16.65876406895033,3.7641434894296952,0.0,179.1419035186507,4049.994102200792,3.630344991256617
1420826859,136730909,61,0,641.3630904580881,263.66038473296373,0.0,-13.186159913491823,1.0413360459621126,0.0,173.92891102281664,4120.972265559196,3.6303449714546554
1420826859,172827005,61,0,631.590734692879,260.71304335446985,0.0,-11.083428100794269,-1.4154888176468132,0.0,171.27858633819798,3988.0947858148193,3.630344968591759
1420826859,200794935,61,0,624.1391050853607,257.5435861826372,0.0,-8.84642272640265,-2.495845187112443,0.0,143.94007677773533,3888.2863196419544,3.6303449681778517
1420826859,234685897,61,0,616.0440351455683,251.72119137447982,0.0,-8.38362716526395,-4.544832594842406,0.0,2.4499326153485157,4317.093783387751,3.63034496811801
1420826859,268445968,61,0,606.9431407104328,248.54086315183062,0.0,-8.825427760883118,-3.7043664678045682,0.0,174.18739193521404,4293.611166113251,3.630344968109359
1420826859,304961919,61,0,596.8711057881503,242.63218712082008,0.0,-9.593275130396426,-5.062110392362837,0.0,149.30533802572089,4253.026581150983,3.6303449681081075
1420826859,339431047,61,0,589.0310321941845,240.15929628456362,0.0,-8.513391082190156,-3.467281253874037,0.0,166.1106667359014,4194.600857226587,3.6303449681079267
1420826859,364835977,61,0,583.3144412669133,238.1027915306289,0.0,-6.790702725741056,-2.5983138213161543,0.0,141.41614420588635,4121.712140419488,3.6303449681079005
1420826859,401952028,61,0,579.1472495604005,235.16806534596492,0.0,-5.174751769112404,-2.8055269324444363,0.0,161.38071451024405,4465.269630058594,3.630344968107897
1420826859,435401916,61,0,574.5773646906132,233.45443015466014,0.0,-4.802184153640775,-2.132976487373876,0.0,155.33608028464892,4557.733306683253,3.630344968107896
1420826859,471158981,61,0,568.9004010912026,235.78271378088604,0.0,-5.341004334638796,0.6149355646445889,0.0,151.70099344933598,3500.648247156091,3.630344968107897
1420826859,496074914,61,0,566.3937670382277,233.72939963894873,0.0,-3.5951746680107304,-1.0285721752784303,0.0,139.5421651361684,3682.1167993366225,3.630344968107896
1420826859,529117107,61,0,565.6926746482541,231.14285150249518,0.0,-1.8125654121396721,-1.988207079196573,0.0,158.21354692963658,4559.821968326127,3.630344968107897
1420826859,561976909,61,0,561.8006453011091,229.99292533722388,0.0,-3.0934107032088685,-1.4718681597665646,0.0,154.12006730299794,4666.953793113556,3.630344968107896
1420826859,604712963,61,0,558.0199925574509,227.3632019769689,0.0,-3.5167172662688166,-2.1850487811374832,0.0,65.4263992858941,4332.3906984848645,3.630344968107897
1420826859,636002063,61,0,554.3155289523545,227.20992618955452,0.0,-3.6323595767482506,-0.9335787134322568,0.0,178.60639940448704,4169.170100185827,3.630344968107896
1420826859,662736892,61,0,550.9473656868632,228.3008806774964,0.0,-3.469627924857161,0.31343200598499865,0.0,170.0729953742739,4266.049886900991,3.630344968107897
1420826859,704602003,61,0,548.3637167346977,231.79954539143756,0.0,-2.9239093980506317,2.2753752964006866,0.0,166.57427663674605,4193.492558676753,3.630344968107896
1420826859,735521078,61,0,546.4909610833557,235.78835413470856,0.0,-2.2764515104686334,3.330764199781009,0.0,165.3598015929729,4563.978576411809,3.630344968107897
1420826859,764228105,61,0,548.0948915995455,238.58566495146874,0.0,0.11366882907066644,3.0021837218294207,0.0,173.07485572694463,4315.651935714928,3.630344968107896
1420826859,800991058,61,0,550.9897322701423,238.77190428504622,0.0,1.8267309297912577,1.267703479643423,0.0,165.1027268829636,4404.357894936204,3.630344968107897
1420826859,835019111,61,0,555.3704736742744,243.26817736928007,0.0,3.39987304316597,3.256340120710269,0.0,159.965217254262,4174.543562959223,3.630344968107896
1420826859,870027065,61,0,563.8846613535494,244.23386235426133,0.0,6.550033865113356,1.8454116623360566,0.0,167.86649002183813,4537.326575282413,3.630344968107897
1420826859,902576923,61,0,573.5892122672876,246.16955014478876,0.0,8.493057852840334,1.9010172209338076,0.0,157.70001627934792,4371.933999961469,3.630344968107896
1420826859,930155038,61,0,585.6718574026174,246.87063943974542,0.0,10.704063242383953,1.161921914812884,0.0,173.25332940991194,4557.228049746583,3.630344968107897
1420826859,967617034,61,0,594.3438013157634,253.41526315356364,0.0,9.452379849404839,4.4773957426711934,0.0,115.06943156284741,3868.3317889266236,3.630344968107896
1420826860,1632928,61,0,604.7369836418521,257.00655351846046,0.0,10.031866899793998,3.931599356685591,0.0,138.03337121812396,4038.617876773623,3.630344968107897
1420826860,31846046,61,0,618.0110609922502,258.51711577324886,0.0,12.028905616553864,2.4403621588349846,0.0,169.57137593216842,4287.670440625818,3.630344968107896
1420826860,61265945,61,0,630.6818998854579,257.05059430953554,0.0,12.424304257877505,0.03391816793049962,0.0,176.6572144019714,4287.963430337842,3.630344968107897
1420826860,94547986,61,0,642.031406115903,255.30397104354367,0.0,11.762282681492891,-1.0628058833029914,0.0,168.979370943804,4009.8339931945998,3.630344968107896
1420826860,132756948,61,0,652.4102581875087,254.01746234080332,0.0,10.910158943078349,-1.200595579027863,0.0,142.61199877365175,3723.992724291266,3.630344968107897
1420826860,166683912,61,0,661.0031432617446,247.47389940807602,0.0,9.482834682695454,-4.491594985230395,0.0,28.496009828190452,3709.800691713486,3.630344968107896
1420826860,194508075,61,0,666.1162475194313,244.9501428158834,0.0,6.7913003194896735,-3.2795054188388333,0.0,175.42145231303803,4039.318459391328,3.630344968107897
1420826860,234117984,61,0,668.1701274949035,244.51447405643586,0.0,3.8732874425630803,-1.5278449392153584,0.0,2.4628657589724128,3773.7389485071967,3.630344968107896
1420826860,265809059,61,0,669.2835028051757,246.46474394003505,0.0,2.1733202544327517,0.6144990166505635,0.0,160.1234719538433,3537.0006079352534,3.630344968107897
1420826860,298824071,61,0,666.2691194494333,247.19036065307466,0.0,-1.0220444877492811,0.6829419339709861,0.0,145.10147848499122,3616.227269473811,3.630344968107896
1420826860,326703071,61,0,660.331323984139,245.19177587126964,0.0,-4.049900073828951,-0.9687437764469791,0.0,174.32915683944415,4020.478273552147,3.630344968107897
1420826860,362169027,61,0,651.7987423070281,244.82491928783648,0.0,-6.8110066870634505,-0.5980115103331098,0.0,175.5273397735707,4189.322517313413,3.630344968107896
1420826860,394026994,61,0,640.196210897048,244.60793484906546,0.0,-9.76234514265123,-0.36331798083029965,0.0,165.90881166916282,4185.253374871643,3.630344968107897
1420826860,428843975,61,0,629.6969989695282,242.68255505595494,0.0,-10.216218054634085,-1.3254695637155152,0.0,161.24778029297556,4305.524492354288,3.630344968107896
1420826860,467068910,61,0,621.8063347202942,240.36445431818066,0.0,-8.783793769397814,-1.9368804872996996,0.0,165.5977539356491,4112.041269150922,3.630344968107897
1420826860,500642061,61,0,614.4971121761448,238.0156560283388,0.0,-7.875531991729348,-2.1906011548294826,0.0,162.37895923951635,4306.48137662153,3.630344968107896
1420826860,531066894,61,0,606.4659811769965,240.83280278647467,0.0,-7.971373161461967,0.8939199206305628,0.0,137.97733949067003,3681.4879824361865,3.630344968107897
1420826860,566728115,61,0,603.6656359616388,239.85362203301366,0.0,-4.786279790396734,-0.25981597145283364,0.0,143.70802602530068,3977.709127104063,3.630344968107896
1420826860,594680070,61,0,607.3825945778565,237.78748218856146,0.0,0.4512877810372675,-1.3724207095922896,0.0,163.8692607387563,4329.592367353636,3.630344968107897
1420826860,632711887,61,0,609.0915598892041,238.29469920644445,0.0,1.2259539415144511,-0.2146583211109283,0.0,140.4463299959751,3700.7259363089706,3.630344968107896
1420826860,662697076,61,0,607.7377778561203,236.3458642819184,0.0,-0.3630337873145628,-1.28282396658091,0.0,142.95277119144583,3834.1163997569943,3.630344968107897
1420826860,698698043,61,0,608.642242982605,237.80886611015055,0.0,0.41768185186817197,0.40846674550036277,0.0,94.94661508670606,3993.8841067541816,3.630344968107896
1420826860,729768037,61,0,605.9167263975758,236.2708154166223,0.0,-1.5183704397940936,-0.7904901845977763,0.0,151.6386639371603,4427.367409975637,3.630344968107897
1420826860,763040065,61,0,602.8290515466917,235.74807248038923,0.0,-2.484983099606027,-0.6255713338826376,0.0,12.784335475183866,4122.029716176803,3.630344968107896
1420826860,791903972,61,0,600.784711474436,233.70138573050224,0.0,-2.213569137034698,-1.5009070192068852,0.0,30.012462668886457,3877.831163689068,3.630344968107897
1420826860,829174995,61,0,603.0399332418981,233.71347390480295,0.0,0.5389815037547243,-0.568978007892006,0.0,69.66769423735144,4573.889634359164,3.630344968107896
1420826860,862679958,61,0,603.513248683352,233.51854472053003,0.0,0.4985345090917404,-0.3385827284657119,0.0,143.73413713292456,4120.654284808346,3.630344968107897
1420826860,894819021,61,0,608.0960132142637,233.81723245070827,0.0,3.0142149703054164,0.05394385127009266,0.0,164.19225151999248,4292.992366166305,3.630344968107896
1420826860,933192968,61,0,613.0653033611278,235.5982543450667,0.0,4.218443036696481,1.1177371402808598,0.0,129.90686643501945,4284.47993044728,3.630344968107897
1420826860,957040071,61,0,618.5911886900963,237.64723704884457,0.0,5.023761789866843,1.6913376123809507,0.0,143.0488669721662,3975.4501947318654,3.630344968107896
1420826860,995285034,61,0,623.8012368198442,239.71192200566847,0.0,5.13850481436015,1.9213008158840161,0.0,168.4697494129079,4281.657339605104,3.630344968107897
1420826861,25723934,61,0,625.7028471379318,240.4266490557983,0.0,3.1447404583422385,1.178112006413329,0.0,152.50798170252548,3611.8946510695655,3.630344968107896
1420826861,59808969,61,0,626.6511241400461,237.76746386520304,0.0,1.7918293414164184,-1.1854702430709225,0.0,4.99773510242116,4012.8380851340003,3.630344968107897
1420826861,96558094,61,0,625.1607819414187,237.09557775000295,0.0,-0.22982339839687316,-0.8691282278632875,0.0,2.9345157740695385,4197.165668033027,3.630344968107896
1420826861,130096912,61,0,619.6942923042535,233.64808152353334,0.0,-3.4553466594241966,-2.4572733522219057,0.0,174.61949399086853,4023.1368035630408,3.630344968107897
1420826861,157247066,61,0,612.610455165395,232.83208389726028,0.0,-5.690314463403277,-1.4463299790095805,0.0,161.66413127023424,3923.3745815047446,3.630344968107896
1420826861,195419073,61,0,604.1817977459712,228.33392256541188,0.0,-7.376996122800447,-3.3261047380802484,0.0,10.110070578613488,3617.5773175338727,3.630344968107897
1420826861,227811098,61,0,598.5449973672197,228.74492349123355,0.0,-6.30512298916133,-1.024235438373275,0.0,165.49940513554486,4421.975375027661,3.630344968107896
1420826861,260561943,61,0,592.2398743780584,227.72068805286028,0.0,-6.30512298916133,-1.024235438373275,0.0,229.376936371959,4833.325357504219,8.331494818597996
1420826861,294150114,61,0,585.9347513888971,226.69645261448701,0.0,-6.30512298916133,-1.024235438373275,0.0,293.25446760837315,5244.675339980777,22.795061411620615
